<application>
  <component name="CodeVisionSettings">
    <option name="disabledCodeVisionProviderIds">
      <set>
        <option value="references" />
        <option value="vcs.code.vision" />
      </set>
    </option>
  </component>
  <component name="EditorSettings">
    <option name="LINE_NUMERATION" value="HYBRID" />
  </component>
  <component name="TodoConfiguration">
    <pattern icon="question" pattern="\btodo\b:.*" />
    <pattern icon="important" pattern="\bfixme\b:.*" />
    <pattern pattern="\bnote\b:.*" />
    <pattern icon="important" pattern="\brefactor\b:.*" />
    <filter name="Refactorings">
      <pattern index="3" />
    </filter>
    <filter name="Todos">
      <pattern index="0" />
    </filter>
    <filter name="Fixes">
      <pattern index="1" />
    </filter>
    <filter name="Notes">
      <pattern index="2" />
    </filter>
  </component>
</application>